,mhc,sequence,meas,binding,hla_wo_asterisk,hla,mhc_sequence,binding300
0,HLA-E*01:03,SMAGRAGQL,50000.0,0,HLA-E01:03,HLA-E01:03,YHSMYRESADTIFVNTLYLWHEFYSSAEQAYTWY,0
1,HLA-B*27:05,KDKNKWRMLI,1565.33277,0,HLA-B27:05,HLA-B27:05,YHTEYREICAKTDEDTLYLNYHDYTWAVLAYEWY,0
2,HLA-A*02:19,ETACLGKAY,20000.0,0,HLA-A02:19,HLA-A02:19,YFAMYGEKVAHTHVDTLYVRYHYYTWAVQAYTGY,0
3,HLA-A*29:02,RWTQSLRRGL,1280.20651,0,HLA-A29:02,HLA-A29:02,YTAMYLQNVAQTDANTLYIMYRDYTWAVLAYTWY,0
4,HLA-B*38:01,NYINVELSL,14957.74938,0,HLA-B38:01,HLA-B38:01,YYSEYRNICTNTYENIAYLRYNFYTWAVLTYTWY,0
5,HLA-B*15:01,KITTESIVIW,4313.500325,0,HLA-B15:01,HLA-B15:01,YYAMYREISTNTYESNLYLRYDSYTWAEWAYLWY,0
6,HLA-A*68:01,FLAVFQSATK,8.809807,1,HLA-A68:01,HLA-A68:01,YYAMYRNNVAQTDVDTLYIMYRDYTWAVWAYTWY,1
7,HLA-B*15:02,SQMPPQKIM,22.0,1,HLA-B15:02,HLA-B15:02,YYAMYRNISTNTYESNLYIRYDSYTWAELAYLWY,1
8,HLA-A*02:06,LLLLVAHYAI,53.489572,1,HLA-A02:06,HLA-A02:06,YYAMYGEKVAHTHVDTLYVRYHYYTWAVLAYTWY,1
9,HLA-B*44:03,FEWIEAKLSA,13091.2616,0,HLA-B44:03,HLA-B44:03,YYTKYREISTNTYENTAYIRYDDYTWAVLAYLSY,0
10,HLA-A*03:01,ITNPFFYQM,20000.0,0,HLA-A03:01,HLA-A03:01,YFAMYQENVAQTDVDTLYIIYRDYTWAELAYTWY,0
11,HLA-A*03:01,ERLKIRASL,78014.1844,0,HLA-A03:01,HLA-A03:01,YFAMYQENVAQTDVDTLYIIYRDYTWAELAYTWY,0
12,HLA-A*02:11,KLLARFLFE,20000.0,0,HLA-A02:11,HLA-A02:11,YFAMYGEKVAHIDVDTLYVRYHYYTWAVLAYTWY,0
13,HLA-B*15:01,EGFLKAAMF,20000.0,0,HLA-B15:01,HLA-B15:01,YYAMYREISTNTYESNLYLRYDSYTWAEWAYLWY,0
14,HLA-A*02:01,TVDFTDCRTI,29512.01029,0,HLA-A02:01,HLA-A02:01,YFAMYGEKVAHTHVDTLYVRYHYYTWAVLAYTWY,0
15,HLA-B*39:01,KEGKLQCRI,20000.0,0,HLA-B39:01,HLA-B39:01,YYSEYRNICTNTDESNLYLRYNFYTWAVLTYTWY,0
16,HLA-A*03:01,RLLACLCKHK,1.0,1,HLA-A03:01,HLA-A03:01,YFAMYQENVAQTDVDTLYIIYRDYTWAELAYTWY,1
17,HLA-A*02:02,LIFNVKSKL,1286.858925,0,HLA-A02:02,HLA-A02:02,YFAMYGEKVAHTHVDTLYLRYHYYTWAVWAYTWY,0
18,HLA-A*11:01,HSNLNDATY,20000.0,0,HLA-A11:01,HLA-A11:01,YYAMYQENVAQTDVDTLYIIYRDYTWAAQAYRWY,0
19,HLA-A*68:02,YTVAYQATV,40.0,1,HLA-A68:02,HLA-A68:02,YYAMYRNNVAQTDVDTLYIRYHYYTWAVWAYTWY,1
20,HLA-A*68:02,SVDSDHLGY,20000.0,0,HLA-A68:02,HLA-A68:02,YYAMYRNNVAQTDVDTLYIRYHYYTWAVWAYTWY,0
21,HLA-A*02:01,VMAVGLVSI,21.494038,1,HLA-A02:01,HLA-A02:01,YFAMYGEKVAHTHVDTLYVRYHYYTWAVLAYTWY,1
22,HLA-A*02:06,SVQLSNNKYV,8830.548926,0,HLA-A02:06,HLA-A02:06,YYAMYGEKVAHTHVDTLYVRYHYYTWAVLAYTWY,0
23,HLA-B*15:17,RPGPVKFSL,20000.0,0,HLA-B15:17,HLA-B15:17,YYAMYRENMASTYENIAYLRYHDYTWAELAYLWY,0
24,HLA-A*02:02,KVTVPTNDHI,4714.911437,0,HLA-A02:02,HLA-A02:02,YFAMYGEKVAHTHVDTLYLRYHYYTWAVWAYTWY,0
25,HLA-B*51:01,FPLCANGQVF,10.599041,1,HLA-B51:01,HLA-B51:01,YYATYRNIFTNTYENIAYWTYNYYTWAELAYLWH,1
26,HLA-B*15:01,KELKETLLH,20000.0,0,HLA-B15:01,HLA-B15:01,YYAMYREISTNTYESNLYLRYDSYTWAEWAYLWY,0
27,HLA-A*02:01,VMAPDKPSL,325.0,1,HLA-A02:01,HLA-A02:01,YFAMYGEKVAHTHVDTLYVRYHYYTWAVLAYTWY,0
28,HLA-A*02:01,VLCPKNMII,12000.0,0,HLA-A02:01,HLA-A02:01,YFAMYGEKVAHTHVDTLYVRYHYYTWAVLAYTWY,0
29,HLA-B*45:01,PEFDWILGW,77777.77778,0,HLA-B45:01,HLA-B45:01,YHTKYREISTNTYESNLYWRYNLYTWAVDAYLSY,0
30,HLA-C*04:01,IQNDLITEF,20000.0,0,HLA-C04:01,HLA-C04:01,YSAGYREKYRQADVNKLYLRFNFYTWAERAYTWY,0
31,HLA-B*44:03,GEYNHVVAA,1092.564233,0,HLA-B44:03,HLA-B44:03,YYTKYREISTNTYENTAYIRYDDYTWAVLAYLSY,0
32,HLA-B*40:01,LDLVLLNLL,18702.62488,0,HLA-B40:01,HLA-B40:01,YHTKYREISTNTYESNLYLRYNYYSLAVLAYEWY,0
33,HLA-A*02:03,YLYNKYSFKL,1.0,1,HLA-A02:03,HLA-A02:03,YFAMYGEKVAHTHVDTLYVRYHYYTWAEWAYTWY,1
34,HLA-A*31:01,KALFMHCKK,67.761719,1,HLA-A31:01,HLA-A31:01,YTAMYQENVAHIDVDTLYIMYQDYTWAVLAYTWY,1
35,HLA-A*68:02,FTSDYPFYV,1.110121,1,HLA-A68:02,HLA-A68:02,YYAMYRNNVAQTDVDTLYIRYHYYTWAVWAYTWY,1
36,HLA-A*02:01,PLNEGIMAV,47.8492917,1,HLA-A02:01,HLA-A02:01,YFAMYGEKVAHTHVDTLYVRYHYYTWAVLAYTWY,1
37,HLA-B*27:05,YLGTPNNTY,20000.0,0,HLA-B27:05,HLA-B27:05,YHTEYREICAKTDEDTLYLNYHDYTWAVLAYEWY,0
38,HLA-A*02:01,TLLVDLLWL,1.0,1,HLA-A02:01,HLA-A02:01,YFAMYGEKVAHTHVDTLYVRYHYYTWAVLAYTWY,1
39,HLA-A*01:01,PIPVGDIYK,19999.92337,0,HLA-A01:01,HLA-A01:01,YFAMYQENMAHTDANTLYIIYRDYTWVARVYRGY,0
40,HLA-A*03:01,EVIRATYPS,20000.0,0,HLA-A03:01,HLA-A03:01,YFAMYQENVAQTDVDTLYIIYRDYTWAELAYTWY,0
41,HLA-A*29:02,YTLVVPLVY,9.608264,1,HLA-A29:02,HLA-A29:02,YTAMYLQNVAQTDANTLYIMYRDYTWAVLAYTWY,1
42,HLA-A*03:01,FFAFGHMIK,20000.0,0,HLA-A03:01,HLA-A03:01,YFAMYQENVAQTDVDTLYIIYRDYTWAELAYTWY,0
43,HLA-B*15:01,KQTGSASSM,10.898966,1,HLA-B15:01,HLA-B15:01,YYAMYREISTNTYESNLYLRYDSYTWAEWAYLWY,1
44,HLA-B*27:05,VYFVLTDRF,20000.0,0,HLA-B27:05,HLA-B27:05,YHTEYREICAKTDEDTLYLNYHDYTWAVLAYEWY,0
45,HLA-A*11:01,ETDVMTRGQ,20000.0,0,HLA-A11:01,HLA-A11:01,YYAMYQENVAQTDVDTLYIIYRDYTWAAQAYRWY,0
46,HLA-B*39:01,NYPASLHKF,20000.0,0,HLA-B39:01,HLA-B39:01,YYSEYRNICTNTDESNLYLRYNFYTWAVLTYTWY,0
47,HLA-B*15:17,IFRRDQIWF,1588.0,0,HLA-B15:17,HLA-B15:17,YYAMYRENMASTYENIAYLRYHDYTWAELAYLWY,0
48,HLA-A*02:01,KLIQIEKVL,3250.866661,0,HLA-A02:01,HLA-A02:01,YFAMYGEKVAHTHVDTLYVRYHYYTWAVLAYTWY,0
49,HLA-A*31:01,ATLLSQVEV,20000.0,0,HLA-A31:01,HLA-A31:01,YTAMYQENVAHIDVDTLYIMYQDYTWAVLAYTWY,0
50,HLA-B*83:01,YLRNAGAAM,5000.0,0,HLA-B83:01,HLA-B83:01,YYSEYRNIYAQTDESNLYIRYDDYTWAVDAYLSY,0
51,HLA-A*02:03,KQINPPTVY,20000.0,0,HLA-A02:03,HLA-A02:03,YFAMYGEKVAHTHVDTLYVRYHYYTWAEWAYTWY,0
52,HLA-B*07:02,KELNIGRTF,20000.0,0,HLA-B07:02,HLA-B07:02,YYSEYRNIYAQTDESNLYLSYDYYTWAERAYEWY,0
53,HLA-B*39:01,SQFNHWFGE,20000.0,0,HLA-B39:01,HLA-B39:01,YYSEYRNICTNTDESNLYLRYNFYTWAVLTYTWY,0
54,HLA-B*58:01,VTGKIIHEW,4.812293,1,HLA-B58:01,HLA-B58:01,YYATYGENMASTYENIAYIRYDSYTWAVLAYLWY,1
55,HLA-B*27:05,KLADMSIYC,20000.0,0,HLA-B27:05,HLA-B27:05,YHTEYREICAKTDEDTLYLNYHDYTWAVLAYEWY,0
56,HLA-B*07:02,TPKPAVRFAI,26.772125,1,HLA-B07:02,HLA-B07:02,YYSEYRNIYAQTDESNLYLSYDYYTWAERAYEWY,1
57,HLA-B*46:01,YTAVVPLVK,43975.92432,0,HLA-B46:01,HLA-B46:01,YYAMYREKYRQTDVSNLYLRYDSYTWAEWAYLWY,0
58,HLA-A*02:02,DMLKLFTHDI,196.185783,1,HLA-A02:02,HLA-A02:02,YFAMYGEKVAHTHVDTLYLRYHYYTWAVWAYTWY,1
59,HLA-A*23:01,DYLVSTQEF,18785.00755,0,HLA-A23:01,HLA-A23:01,YSAMYEEKVAHTDENIAYLMFHYYTWAVLAYTGY,0
60,HLA-A*02:01,VIRHVDGKI,43335.95283,0,HLA-A02:01,HLA-A02:01,YFAMYGEKVAHTHVDTLYVRYHYYTWAVLAYTWY,0
61,HLA-B*27:05,SEAAYAKKI,60056.48421,0,HLA-B27:05,HLA-B27:05,YHTEYREICAKTDEDTLYLNYHDYTWAVLAYEWY,0
62,HLA-B*35:01,IAIPAHVRL,391.8666213,1,HLA-B35:01,HLA-B35:01,YYATYRNIFTNTYESNLYIRYDSYTWAVLAYLWY,0
63,HLA-B*15:01,HIPEVCLKW,20000.0,0,HLA-B15:01,HLA-B15:01,YYAMYREISTNTYESNLYLRYDSYTWAEWAYLWY,0
64,HLA-B*53:01,SPMLYQLLEA,228.450682,1,HLA-B53:01,HLA-B53:01,YYATYRNIFTNTYENIAYIRYDSYTWAVLAYLWY,1
65,HLA-A*30:01,RAREQISNL,2.733152,1,HLA-A30:01,HLA-A30:01,YSAMYQENVAQTDVDTLYIIYEHYTWAWLAYTWY,1
66,HLA-A*31:01,AIDAYPLTK,8887.721817,0,HLA-A31:01,HLA-A31:01,YTAMYQENVAHIDVDTLYIMYQDYTWAVLAYTWY,0
67,HLA-A*26:03,ETHDRGFAM,16.0,1,HLA-A26:03,HLA-A26:03,YYAMYRNNVAHTHVDTLYIRYQDYTWAEWAYRWY,1
68,HLA-A*02:03,IPRLGGMAF,20000.0,0,HLA-A02:03,HLA-A02:03,YFAMYGEKVAHTHVDTLYVRYHYYTWAEWAYTWY,0
69,HLA-A*02:03,TVAPPAPVY,14358.62196,0,HLA-A02:03,HLA-A02:03,YFAMYGEKVAHTHVDTLYVRYHYYTWAEWAYTWY,0
70,HLA-A*68:01,LSDENYLLK,13464.0264,0,HLA-A68:01,HLA-A68:01,YYAMYRNNVAQTDVDTLYIMYRDYTWAVWAYTWY,0
71,HLA-A*11:01,KTQVGVGVQK,59.560545,1,HLA-A11:01,HLA-A11:01,YYAMYQENVAQTDVDTLYIIYRDYTWAAQAYRWY,1
72,HLA-A*69:01,LQDDFDFNY,20000.0,0,HLA-A69:01,HLA-A69:01,YYAMYRNNVAQTDVDTLYVRYHYYTWAVLAYTWY,0
73,HLA-A*29:02,FIKDRATAV,20000.0,0,HLA-A29:02,HLA-A29:02,YTAMYLQNVAQTDANTLYIMYRDYTWAVLAYTWY,0
74,HLA-A*30:02,EVQLVESGGGL,39364.79108,0,HLA-A30:02,HLA-A30:02,YSAMYQENVAHTDENTLYIIYEHYTWARLAYTWY,0
75,HLA-A*03:01,SPISSIFSR,78014.1844,0,HLA-A03:01,HLA-A03:01,YFAMYQENVAQTDVDTLYIIYRDYTWAELAYTWY,0
76,HLA-A*80:01,LESLTDREL,20000.0,0,HLA-A80:01,HLA-A80:01,YFAMYEENVAHTNANTLYIIYRDYTWARLAYEGY,0
77,HLA-A*03:01,KHVGLITCK,47208.6,0,HLA-A03:01,HLA-A03:01,YFAMYQENVAQTDVDTLYIIYRDYTWAELAYTWY,0
78,HLA-A*03:01,IVPEFAKQY,28188.45358,0,HLA-A03:01,HLA-A03:01,YFAMYQENVAQTDVDTLYIIYRDYTWAELAYTWY,0
79,HLA-B*45:01,GEENFSSRMY,3211.177413,0,HLA-B45:01,HLA-B45:01,YHTKYREISTNTYESNLYWRYNLYTWAVDAYLSY,0
80,HLA-A*02:06,EELRSLFNTV,302.0,1,HLA-A02:06,HLA-A02:06,YYAMYGEKVAHTHVDTLYVRYHYYTWAVLAYTWY,0
81,HLA-B*07:02,SQIETGTPF,20000.0,0,HLA-B07:02,HLA-B07:02,YYSEYRNIYAQTDESNLYLSYDYYTWAERAYEWY,0
82,HLA-B*35:01,TLLGLILFV,77419.35484,0,HLA-B35:01,HLA-B35:01,YYATYRNIFTNTYESNLYIRYDSYTWAVLAYLWY,0
83,HLA-A*30:01,SVGTGILFM,78125.0,0,HLA-A30:01,HLA-A30:01,YSAMYQENVAQTDVDTLYIIYEHYTWAWLAYTWY,0
84,HLA-A*02:06,DAIKSNNHLT,69811.32076,0,HLA-A02:06,HLA-A02:06,YYAMYGEKVAHTHVDTLYVRYHYYTWAVLAYTWY,0
85,HLA-B*27:05,RPVPHWPKY,20000.0,0,HLA-B27:05,HLA-B27:05,YHTEYREICAKTDEDTLYLNYHDYTWAVLAYEWY,0
86,HLA-B*08:01,WPTVRERM,11.472462,1,HLA-B08:01,HLA-B08:01,YDSEYRNIFTNTDESNLYLSYNYYTWAVDAYTWY,1
87,HLA-A*02:06,SAAFEDLRV,34770.03122,0,HLA-A02:06,HLA-A02:06,YYAMYGEKVAHTHVDTLYVRYHYYTWAVLAYTWY,0
88,HLA-B*18:01,GENMAPEKV,20000.0,0,HLA-B18:01,HLA-B18:01,YHSTYRNISTNTYESNLYLRYDSYTWAVLAYTWH,0
89,HLA-B*07:02,EPVVKDKIKL,31453.7445,0,HLA-B07:02,HLA-B07:02,YYSEYRNIYAQTDESNLYLSYDYYTWAERAYEWY,0
90,HLA-A*01:01,MVDESMMMS,13308.65,0,HLA-A01:01,HLA-A01:01,YFAMYQENMAHTDANTLYIIYRDYTWVARVYRGY,0
91,HLA-B*08:03,RRSLLAHVR,20000.0,0,HLA-B08:03,HLA-B08:03,YDSEYRNIFTNTYENIAYLSYNYYTWAVDAYTWY,0
92,HLA-A*24:03,FRRFTQAIY,20000.0,0,HLA-A24:03,HLA-A24:03,YSAMYEEKVAHTDENIAYLMFHYYTWAVQAYTWY,0
93,HLA-B*40:01,FEGIAVLGL,67.86640437,1,HLA-B40:01,HLA-B40:01,YHTKYREISTNTYESNLYLRYNYYSLAVLAYEWY,1
94,HLA-A*02:01,TLACFVLAAV,1.592985,1,HLA-A02:01,HLA-A02:01,YFAMYGEKVAHTHVDTLYVRYHYYTWAVLAYTWY,1
95,HLA-B*40:02,REIGFIVPGL,1.0,1,HLA-B40:02,HLA-B40:02,YHTKYREISTNTYESNLYLSYNYYTWAVLAYEWY,1
96,HLA-A*80:01,FLYDRLAST,20000.0,0,HLA-A80:01,HLA-A80:01,YFAMYEENVAHTNANTLYIIYRDYTWARLAYEGY,0
97,HLA-B*44:02,RAKFKQLL,5000.0,0,HLA-B44:02,HLA-B44:02,YYTKYREISTNTYENTAYIRYDDYTWAVDAYLSY,0
98,HLA-B*08:02,IYTDEVYDY,20000.0,0,HLA-B08:02,HLA-B08:02,YDSEYRNIFTNTDENTAYLSYNYYTWAVDAYTWY,0
99,HLA-A*02:06,KPKLARGEL,868.0,0,HLA-A02:06,HLA-A02:06,YYAMYGEKVAHTHVDTLYVRYHYYTWAVLAYTWY,0
100,HLA-A*02:01,TIQESFIRFT,69444.44444,0,HLA-A02:01,HLA-A02:01,YFAMYGEKVAHTHVDTLYVRYHYYTWAVLAYTWY,0

